INSERT INTO icode.campus (id, name) VALUES (1, '扬州星耀天地校区');
INSERT INTO icode.campus (id, name) VALUES (2, '杭州九堡校区');
INSERT INTO icode.campus (id, name) VALUES (3, '杭州市民中心校区');
INSERT INTO icode.campus (id, name) VALUES (4, '扬州星耀天地校区');
INSERT INTO icode.campus (id, name) VALUES (5, '杭州九堡校区');
INSERT INTO icode.campus (id, name) VALUES (6, '杭州市民中心校区');
INSERT INTO icode.campus (id, name) VALUES (7, '扬州中心校区');
INSERT INTO icode.channel (id, name) VALUES (1, '地推');
INSERT INTO icode.channel (id, name) VALUES (2, '新口碑');
INSERT INTO icode.channel (id, name) VALUES (3, '口碑');
INSERT INTO icode.channel (id, name) VALUES (4, '直访');
INSERT INTO icode.channel (id, name) VALUES (5, '社团课');
INSERT INTO icode.channel (id, name) VALUES (6, '朋友推荐');
INSERT INTO icode.channel (id, name) VALUES (7, '地推');
INSERT INTO icode.channel (id, name) VALUES (8, '新口碑');
INSERT INTO icode.channel (id, name) VALUES (9, '口碑');
INSERT INTO icode.channel (id, name) VALUES (10, '直访');
INSERT INTO icode.channel (id, name) VALUES (11, '社团课');
INSERT INTO icode.channel (id, name) VALUES (12, '朋友推荐');
INSERT INTO icode.class_name (id, name) VALUES (1, '1班');
INSERT INTO icode.class_name (id, name) VALUES (2, '2班');
INSERT INTO icode.class_name (id, name) VALUES (3, '3班');
INSERT INTO icode.class_name (id, name) VALUES (4, '4班');
INSERT INTO icode.class_name (id, name) VALUES (5, '1班');
INSERT INTO icode.class_name (id, name) VALUES (6, '2班');
INSERT INTO icode.class_name (id, name) VALUES (7, '3班');
INSERT INTO icode.class_name (id, name) VALUES (8, '4班');
INSERT INTO icode.communicate_info (id, staff_id, student_id, content, revisit_remind, create_time) VALUES (1, null, 11, '需要上门看看', '1575043200000', '1574924388386');
INSERT INTO icode.communicate_info (id, staff_id, student_id, content, revisit_remind, create_time) VALUES (28, null, 11, '不一样的吧', '1575107778000', '1574934982610');
INSERT INTO icode.communicate_info (id, staff_id, student_id, content, revisit_remind, create_time) VALUES (29, null, 11, 'bsty登记的信息', '1575450405000', '1575277612114');
INSERT INTO icode.communicate_info (id, staff_id, student_id, content, revisit_remind, create_time) VALUES (30, null, 11, '新纪录', '1575450456000', '1575277660849');
INSERT INTO icode.communicate_info (id, staff_id, student_id, content, revisit_remind, create_time) VALUES (31, null, 11, '测试有没有员工', '1575537121000', '1575277925708');
INSERT INTO icode.communicate_info (id, staff_id, student_id, content, revisit_remind, create_time) VALUES (32, null, 11, '历史', '1575302400000', '1575279386943');
INSERT INTO icode.communicate_info (id, staff_id, student_id, content, revisit_remind, create_time) VALUES (33, null, 11, '沟通记录一', '1575302400000', '1575280055749');
INSERT INTO icode.communicate_info (id, staff_id, student_id, content, revisit_remind, create_time) VALUES (34, null, 11, '最新沟通记录', '1575302400000', '1575280156347');
INSERT INTO icode.communicate_info (id, staff_id, student_id, content, revisit_remind, create_time) VALUES (35, null, 11, '沟通记录来了', '1575302400000', '1575280556463');
INSERT INTO icode.communicate_info (id, staff_id, student_id, content, revisit_remind, create_time) VALUES (36, 4, 11, '沟通记录二', '1575388800000', '1575280796123');
INSERT INTO icode.communicate_info (id, staff_id, student_id, content, revisit_remind, create_time) VALUES (38, 4, 10, '下次包名', '1575475200000', '1575344731283');
INSERT INTO icode.communicate_info (id, staff_id, student_id, content, revisit_remind, create_time) VALUES (39, 4, 9, '明天过来', '1575388800000', '1575344951949');
INSERT INTO icode.communicate_info (id, staff_id, student_id, content, revisit_remind, create_time) VALUES (40, 4, 10, '第三代', '1575388800000', '1575358932751');
INSERT INTO icode.consult_type (id, name) VALUES (1, '来电');
INSERT INTO icode.consult_type (id, name) VALUES (2, '来访');
INSERT INTO icode.consult_type (id, name) VALUES (3, '网络');
INSERT INTO icode.consult_type (id, name) VALUES (4, '其他');
INSERT INTO icode.consult_type (id, name) VALUES (5, '来电');
INSERT INTO icode.consult_type (id, name) VALUES (6, '来访');
INSERT INTO icode.consult_type (id, name) VALUES (7, '网络');
INSERT INTO icode.consult_type (id, name) VALUES (8, '其他');
INSERT INTO icode.course_type (id, name, type) VALUES (1, '结构搭建', null);
INSERT INTO icode.course_type (id, name, type) VALUES (2, '刷卡编程', null);
INSERT INTO icode.course_type (id, name, type) VALUES (3, 'Scratch', null);
INSERT INTO icode.course_type (id, name, type) VALUES (4, 'App Inventor', null);
INSERT INTO icode.course_type (id, name, type) VALUES (5, 'Python', null);
INSERT INTO icode.course_type (id, name, type) VALUES (6, 'C++', null);
INSERT INTO icode.course_type (id, name, type) VALUES (7, 'NOIP', null);
INSERT INTO icode.course_type (id, name, type) VALUES (8, '其他', null);
INSERT INTO icode.course_type (id, name, type) VALUES (17, '结构搭建', 1);
INSERT INTO icode.course_type (id, name, type) VALUES (18, '刷卡编程', 2);
INSERT INTO icode.course_type (id, name, type) VALUES (19, 'Scratch', 3);
INSERT INTO icode.course_type (id, name, type) VALUES (20, 'App Inventor', 4);
INSERT INTO icode.course_type (id, name, type) VALUES (21, 'Python', 5);
INSERT INTO icode.course_type (id, name, type) VALUES (22, 'C++', 6);
INSERT INTO icode.course_type (id, name, type) VALUES (23, 'NOIP', 7);
INSERT INTO icode.course_type (id, name, type) VALUES (24, '其他', 8);
INSERT INTO icode.follow_info (id, student_id, consult_method, intention, courses, status, keyword, update_time) VALUES (1, 10, null, null, null, '待跟进', null, 1570502313444);
INSERT INTO icode.follow_info (id, student_id, consult_method, intention, courses, status, keyword, update_time) VALUES (2, 9, null, null, null, '已试听', null, 1570520582762);
INSERT INTO icode.follow_info (id, student_id, consult_method, intention, courses, status, keyword, update_time) VALUES (3, 6, null, null, null, '跟进中', null, 1570520584456);
INSERT INTO icode.follow_info (id, student_id, consult_method, intention, courses, status, keyword, update_time) VALUES (4, 7, null, null, null, '跟进中', null, 1570520585964);
INSERT INTO icode.follow_info (id, student_id, consult_method, intention, courses, status, keyword, update_time) VALUES (5, 8, null, null, null, '跟进中', null, 1570520587358);
INSERT INTO icode.follow_info (id, student_id, consult_method, intention, courses, status, keyword, update_time) VALUES (6, 5, null, null, null, '已失效', null, 1570520589462);
INSERT INTO icode.follow_info (id, student_id, consult_method, intention, courses, status, keyword, update_time) VALUES (7, 4, null, null, null, '已邀约', null, 1570520592467);
INSERT INTO icode.follow_info (id, student_id, consult_method, intention, courses, status, keyword, update_time) VALUES (8, 3, null, null, null, '已到访', null, 1570520594304);
INSERT INTO icode.follow_info (id, student_id, consult_method, intention, courses, status, keyword, update_time) VALUES (9, 2, null, null, null, '跟进中', null, 1570520596123);
INSERT INTO icode.follow_info (id, student_id, consult_method, intention, courses, status, keyword, update_time) VALUES (10, 1, null, null, null, '跟进中', null, 1570520598609);
INSERT INTO icode.follow_info (id, student_id, consult_method, intention, courses, status, keyword, update_time) VALUES (11, 11, '来电', '高', ' Scratch', '待跟进', '数学较好', 1574924388389);
INSERT INTO icode.follow_status (id, name) VALUES (1, '待跟进');
INSERT INTO icode.follow_status (id, name) VALUES (2, '跟进中');
INSERT INTO icode.follow_status (id, name) VALUES (3, '已邀约');
INSERT INTO icode.follow_status (id, name) VALUES (4, '已试听');
INSERT INTO icode.follow_status (id, name) VALUES (5, '已到访');
INSERT INTO icode.follow_status (id, name) VALUES (6, '已试听');
INSERT INTO icode.genearch (id, name, update_date) VALUES (1, '母亲', null);
INSERT INTO icode.genearch (id, name, update_date) VALUES (2, '父亲', null);
INSERT INTO icode.genearch (id, name, update_date) VALUES (3, '自己', null);
INSERT INTO icode.genearch (id, name, update_date) VALUES (4, '其他', null);
INSERT INTO icode.genearch (id, name, update_date) VALUES (5, '母亲', null);
INSERT INTO icode.genearch (id, name, update_date) VALUES (6, '父亲', null);
INSERT INTO icode.genearch (id, name, update_date) VALUES (7, '自己', null);
INSERT INTO icode.genearch (id, name, update_date) VALUES (8, '其他', null);
INSERT INTO icode.grade (id, name) VALUES (1, '小班');
INSERT INTO icode.grade (id, name) VALUES (2, '中班');
INSERT INTO icode.grade (id, name) VALUES (3, '大班');
INSERT INTO icode.grade (id, name) VALUES (4, '一年级');
INSERT INTO icode.grade (id, name) VALUES (5, '二年级');
INSERT INTO icode.grade (id, name) VALUES (6, '三年级');
INSERT INTO icode.grade (id, name) VALUES (7, '四年级');
INSERT INTO icode.grade (id, name) VALUES (8, '五年级');
INSERT INTO icode.grade (id, name) VALUES (9, '六年级');
INSERT INTO icode.grade (id, name) VALUES (10, '七年级');
INSERT INTO icode.grade (id, name) VALUES (11, '八年级');
INSERT INTO icode.grade (id, name) VALUES (12, '九年级');
INSERT INTO icode.grade (id, name) VALUES (13, '高一');
INSERT INTO icode.grade (id, name) VALUES (14, '高二');
INSERT INTO icode.grade (id, name) VALUES (15, '高三');
INSERT INTO icode.grade (id, name) VALUES (16, '小班');
INSERT INTO icode.grade (id, name) VALUES (17, '中班');
INSERT INTO icode.grade (id, name) VALUES (18, '大班');
INSERT INTO icode.grade (id, name) VALUES (19, '一年级');
INSERT INTO icode.grade (id, name) VALUES (20, '二年级');
INSERT INTO icode.grade (id, name) VALUES (21, '三年级');
INSERT INTO icode.grade (id, name) VALUES (22, '四年级');
INSERT INTO icode.grade (id, name) VALUES (23, '五年级');
INSERT INTO icode.grade (id, name) VALUES (24, '六年级');
INSERT INTO icode.grade (id, name) VALUES (25, '七年级');
INSERT INTO icode.grade (id, name) VALUES (26, '八年级');
INSERT INTO icode.grade (id, name) VALUES (27, '九年级');
INSERT INTO icode.grade (id, name) VALUES (28, '高一');
INSERT INTO icode.grade (id, name) VALUES (29, '高二');
INSERT INTO icode.grade (id, name) VALUES (30, '高三');
INSERT INTO icode.hand_info (id, student_id, campus, create_time, channel, clerk_id, salesman_id, telemarketer_id) VALUES (1, 11, '扬州中心校区', 1574924388390, '地推', 2, 3, 2);
INSERT INTO icode.intention (id, name) VALUES (1, '高');
INSERT INTO icode.intention (id, name) VALUES (2, '中');
INSERT INTO icode.intention (id, name) VALUES (3, '低');
INSERT INTO icode.intention (id, name) VALUES (4, '?');
INSERT INTO icode.intention (id, name) VALUES (5, '高');
INSERT INTO icode.intention (id, name) VALUES (6, '中');
INSERT INTO icode.intention (id, name) VALUES (7, '低');
INSERT INTO icode.intention (id, name) VALUES (8, '?');
INSERT INTO icode.keyword (id, name) VALUES (1, '第一名');
INSERT INTO icode.keyword (id, name) VALUES (2, '数学较好');
INSERT INTO icode.keyword (id, name) VALUES (3, '第一名');
INSERT INTO icode.keyword (id, name) VALUES (4, '数学较好');
INSERT INTO icode.permission (id, url, name, description, pid) VALUES (1, '/**', '', null, 0);
INSERT INTO icode.permission (id, url, name, description, pid) VALUES (2, '/**', '', null, 0);
INSERT INTO icode.permission (id, url, name, description, pid) VALUES (3, null, 'admin', '所有权限', 0);
INSERT INTO icode.permission (id, url, name, description, pid) VALUES (4, null, 'staff', '员工', 3);
INSERT INTO icode.permission (id, url, name, description, pid) VALUES (5, null, 'staffNew', '新建员工', 4);
INSERT INTO icode.permission (id, url, name, description, pid) VALUES (6, null, 'staffEdit', '编辑员工', 4);
INSERT INTO icode.permission (id, url, name, description, pid) VALUES (7, null, 'staffImport', '导出员工', 4);
INSERT INTO icode.permission (id, url, name, description, pid) VALUES (8, null, 'student', '学员', 3);
INSERT INTO icode.permission (id, url, name, description, pid) VALUES (9, null, 'studentNew', '新建学员', 8);
INSERT INTO icode.permission (id, url, name, description, pid) VALUES (10, null, 'studentEdit', '编辑学员', 8);
INSERT INTO icode.permission (id, url, name, description, pid) VALUES (11, null, 'studentImport', '导出学员', 8);
INSERT INTO icode.permission (id, url, name, description, pid) VALUES (12, null, 'teacher', '教师', 3);
INSERT INTO icode.permission (id, url, name, description, pid) VALUES (13, null, 'teacherNew', '新建教师', 12);
INSERT INTO icode.permission (id, url, name, description, pid) VALUES (14, null, 'teacherEdit', '编辑教师', 12);
INSERT INTO icode.permission (id, url, name, description, pid) VALUES (15, null, 'teacherImport', '导出教师', 12);
INSERT INTO icode.permission (id, url, name, description, pid) VALUES (16, null, 'class', '班级', 3);
INSERT INTO icode.permission (id, url, name, description, pid) VALUES (17, null, 'classNew', '新建班级', 16);
INSERT INTO icode.permission (id, url, name, description, pid) VALUES (18, null, 'classEdit', '编辑班级', 16);
INSERT INTO icode.permission (id, url, name, description, pid) VALUES (19, null, 'classImport', '导出班级', 16);
INSERT INTO icode.permission (id, url, name, description, pid) VALUES (20, null, 'staffDel', '删除员工', 4);
INSERT INTO icode.permission (id, url, name, description, pid) VALUES (21, null, 'studentDel', '删除学员', 8);
INSERT INTO icode.permission (id, url, name, description, pid) VALUES (22, null, 'teacherDel', '删除教师', 12);
INSERT INTO icode.permission (id, url, name, description, pid) VALUES (23, null, 'classDel', '删除班级', 16);
INSERT INTO icode.role (id, name, description) VALUES (1, '员工', '普通用户');
INSERT INTO icode.role (id, name, description) VALUES (2, '主管理员', '总管理员');
INSERT INTO icode.role (id, name, description) VALUES (31, '人事', '人事');
INSERT INTO icode.role (id, name, description) VALUES (32, '教学主管', '教学部主管理员');
INSERT INTO icode.role (id, name, description) VALUES (33, '老师', '教学');
INSERT INTO icode.role (id, name, description) VALUES (44, '校长', '校区总负责人');
INSERT INTO icode.role_permission (role_id, permission_id) VALUES (31, 4);
INSERT INTO icode.role_permission (role_id, permission_id) VALUES (31, 5);
INSERT INTO icode.role_permission (role_id, permission_id) VALUES (31, 6);
INSERT INTO icode.role_permission (role_id, permission_id) VALUES (31, 7);
INSERT INTO icode.role_permission (role_id, permission_id) VALUES (32, 8);
INSERT INTO icode.role_permission (role_id, permission_id) VALUES (32, 9);
INSERT INTO icode.role_permission (role_id, permission_id) VALUES (32, 10);
INSERT INTO icode.role_permission (role_id, permission_id) VALUES (32, 11);
INSERT INTO icode.role_permission (role_id, permission_id) VALUES (32, 12);
INSERT INTO icode.role_permission (role_id, permission_id) VALUES (32, 13);
INSERT INTO icode.role_permission (role_id, permission_id) VALUES (32, 14);
INSERT INTO icode.role_permission (role_id, permission_id) VALUES (32, 15);
INSERT INTO icode.role_permission (role_id, permission_id) VALUES (32, 16);
INSERT INTO icode.role_permission (role_id, permission_id) VALUES (32, 17);
INSERT INTO icode.role_permission (role_id, permission_id) VALUES (32, 18);
INSERT INTO icode.role_permission (role_id, permission_id) VALUES (32, 19);
INSERT INTO icode.role_permission (role_id, permission_id) VALUES (44, 3);
INSERT INTO icode.role_permission (role_id, permission_id) VALUES (44, 4);
INSERT INTO icode.role_permission (role_id, permission_id) VALUES (44, 5);
INSERT INTO icode.role_permission (role_id, permission_id) VALUES (44, 6);
INSERT INTO icode.role_permission (role_id, permission_id) VALUES (44, 7);
INSERT INTO icode.role_permission (role_id, permission_id) VALUES (44, 8);
INSERT INTO icode.role_permission (role_id, permission_id) VALUES (44, 9);
INSERT INTO icode.role_permission (role_id, permission_id) VALUES (44, 10);
INSERT INTO icode.role_permission (role_id, permission_id) VALUES (44, 11);
INSERT INTO icode.role_permission (role_id, permission_id) VALUES (44, 12);
INSERT INTO icode.role_permission (role_id, permission_id) VALUES (44, 13);
INSERT INTO icode.role_permission (role_id, permission_id) VALUES (44, 14);
INSERT INTO icode.role_permission (role_id, permission_id) VALUES (44, 15);
INSERT INTO icode.role_permission (role_id, permission_id) VALUES (44, 16);
INSERT INTO icode.role_permission (role_id, permission_id) VALUES (44, 17);
INSERT INTO icode.role_permission (role_id, permission_id) VALUES (44, 18);
INSERT INTO icode.role_permission (role_id, permission_id) VALUES (44, 19);
INSERT INTO icode.role_permission (role_id, permission_id) VALUES (2, 12);
INSERT INTO icode.role_permission (role_id, permission_id) VALUES (2, 13);
INSERT INTO icode.role_permission (role_id, permission_id) VALUES (2, 14);
INSERT INTO icode.role_permission (role_id, permission_id) VALUES (2, 15);
INSERT INTO icode.role_permission (role_id, permission_id) VALUES (2, 16);
INSERT INTO icode.role_permission (role_id, permission_id) VALUES (2, 17);
INSERT INTO icode.role_permission (role_id, permission_id) VALUES (2, 18);
INSERT INTO icode.role_permission (role_id, permission_id) VALUES (2, 19);
INSERT INTO icode.role_permission (role_id, permission_id) VALUES (2, 4);
INSERT INTO icode.role_permission (role_id, permission_id) VALUES (2, 5);
INSERT INTO icode.role_permission (role_id, permission_id) VALUES (2, 6);
INSERT INTO icode.role_permission (role_id, permission_id) VALUES (2, 7);
INSERT INTO icode.role_permission (role_id, permission_id) VALUES (2, 20);
INSERT INTO icode.role_permission (role_id, permission_id) VALUES (2, 22);
INSERT INTO icode.role_permission (role_id, permission_id) VALUES (2, 23);
INSERT INTO icode.role_permission (role_id, permission_id) VALUES (2, 9);
INSERT INTO icode.role_permission (role_id, permission_id) VALUES (2, 10);
INSERT INTO icode.role_permission (role_id, permission_id) VALUES (2, 21);
INSERT INTO icode.role_permission (role_id, permission_id) VALUES (2, 3);
INSERT INTO icode.role_permission (role_id, permission_id) VALUES (2, 8);
INSERT INTO icode.role_permission (role_id, permission_id) VALUES (2, 11);
INSERT INTO icode.role_router (id, role_id, router_id) VALUES (1, 2, 1);
INSERT INTO icode.role_router (id, role_id, router_id) VALUES (2, 2, 2);
INSERT INTO icode.role_router (id, role_id, router_id) VALUES (3, 2, 3);
INSERT INTO icode.role_router (id, role_id, router_id) VALUES (4, 2, 4);
INSERT INTO icode.role_router (id, role_id, router_id) VALUES (5, 2, 5);
INSERT INTO icode.role_router (id, role_id, router_id) VALUES (6, 2, 6);
INSERT INTO icode.role_router (id, role_id, router_id) VALUES (7, 2, 7);
INSERT INTO icode.role_router (id, role_id, router_id) VALUES (8, 2, 8);
INSERT INTO icode.role_router (id, role_id, router_id) VALUES (9, 2, 9);
INSERT INTO icode.role_router (id, role_id, router_id) VALUES (10, 2, 10);
INSERT INTO icode.role_router (id, role_id, router_id) VALUES (11, 2, 11);
INSERT INTO icode.role_router (id, role_id, router_id) VALUES (12, 2, 12);
INSERT INTO icode.role_router (id, role_id, router_id) VALUES (13, 2, 13);
INSERT INTO icode.role_router (id, role_id, router_id) VALUES (14, 2, 14);
INSERT INTO icode.role_router (id, role_id, router_id) VALUES (15, 2, 15);
INSERT INTO icode.router (id, pid, name, label, id_path, path, component, redirect, hidden, meta, level, type) VALUES (1, 0, 'Student', null, null, '/student', 'layout', '/student/list', null, 'student', null, 2);
INSERT INTO icode.router (id, pid, name, label, id_path, path, component, redirect, hidden, meta, level, type) VALUES (2, 1, 'StudentList', null, null, 'list', 'studentList', null, null, 'studentList', null, 2);
INSERT INTO icode.router (id, pid, name, label, id_path, path, component, redirect, hidden, meta, level, type) VALUES (3, 1, 'AddStudent', null, null, 'add', 'studentAdd', null, null, 'studentAdd', null, 2);
INSERT INTO icode.router (id, pid, name, label, id_path, path, component, redirect, hidden, meta, level, type) VALUES (4, 0, 'Staff', null, null, '/staff', 'layout', '/staff/list', null, 'staff', null, 2);
INSERT INTO icode.router (id, pid, name, label, id_path, path, component, redirect, hidden, meta, level, type) VALUES (5, 4, 'StaffList', null, null, 'list', 'staffList', null, null, 'staffList', null, 2);
INSERT INTO icode.router (id, pid, name, label, id_path, path, component, redirect, hidden, meta, level, type) VALUES (6, 4, 'AddStaff', null, null, 'add', 'staffAdd', null, null, 'staffAdd', null, 2);
INSERT INTO icode.router (id, pid, name, label, id_path, path, component, redirect, hidden, meta, level, type) VALUES (7, 0, 'Teacher', null, null, '/teacher', 'teacher', '/teacher/list', null, 'teacher', null, 2);
INSERT INTO icode.router (id, pid, name, label, id_path, path, component, redirect, hidden, meta, level, type) VALUES (8, 7, 'TeacherList', null, null, 'list', 'teacherList', null, null, 'teacherList', null, 2);
INSERT INTO icode.router (id, pid, name, label, id_path, path, component, redirect, hidden, meta, level, type) VALUES (9, 7, 'AddTeacher', null, null, 'add', 'teacherAdd', null, null, 'teacherAdd', null, 2);
INSERT INTO icode.router (id, pid, name, label, id_path, path, component, redirect, hidden, meta, level, type) VALUES (10, 0, 'Course', null, null, '/course', 'course', '/course/list', null, 'course', null, 2);
INSERT INTO icode.router (id, pid, name, label, id_path, path, component, redirect, hidden, meta, level, type) VALUES (11, 10, 'CourseList', null, null, 'list', 'courseList', null, null, 'courseList', null, 2);
INSERT INTO icode.router (id, pid, name, label, id_path, path, component, redirect, hidden, meta, level, type) VALUES (12, 10, 'AddCourse', null, null, 'add', 'courseAdd', null, null, 'courseAdd', null, 2);
INSERT INTO icode.router (id, pid, name, label, id_path, path, component, redirect, hidden, meta, level, type) VALUES (13, 0, 'Account', null, null, '/accout', 'layout', '/account/list', null, 'account', null, 2);
INSERT INTO icode.router (id, pid, name, label, id_path, path, component, redirect, hidden, meta, level, type) VALUES (14, 13, 'AccountList', null, null, 'list', 'accountList', null, null, 'accountList', null, 2);
INSERT INTO icode.router (id, pid, name, label, id_path, path, component, redirect, hidden, meta, level, type) VALUES (15, 13, 'UserList', '用户管理', null, 'userList', 'userList', null, null, 'userList', null, 2);
INSERT INTO icode.school (id, name) VALUES (1, '邗江实验学校');
INSERT INTO icode.school (id, name) VALUES (2, '外国语学校');
INSERT INTO icode.school (id, name) VALUES (3, '施桥一小');
INSERT INTO icode.school (id, name) VALUES (4, '求实实验小学');
INSERT INTO icode.school (id, name) VALUES (5, '花园一小');
INSERT INTO icode.staff (id, user_id, name, nick_name, name_en, phone, phone_company, sex, department_id, id_card_no, id_card_address, birthday, email, address_now, famous_family, political_status, married, graduated_school, profession, education, train_experience, entry_date, turn_positive_date, payroll_card, pay_roll_card_bank, emergency_one_name, emergency_one_phone, emergency_two_name, emergency_two_phone, parent_name, parent_id_card, parent_card_no, parent_card_bank, mark) VALUES (2, null, '四喜', '四喜', '', '15265988487', '', null, null, '541215498908081454', '', '', '', '', '', '', null, '', '', '', '', '', '', '', '', '四喜', '15265988487', '四喜', '15265988487', '', '', '', '', '');
INSERT INTO icode.staff (id, user_id, name, nick_name, name_en, phone, phone_company, sex, department_id, id_card_no, id_card_address, birthday, email, address_now, famous_family, political_status, married, graduated_school, profession, education, train_experience, entry_date, turn_positive_date, payroll_card, pay_roll_card_bank, emergency_one_name, emergency_one_phone, emergency_two_name, emergency_two_phone, parent_name, parent_id_card, parent_card_no, parent_card_bank, mark) VALUES (3, null, '四喜1', 'smap', '', '15298655487', '', null, null, '21548755648', '', '', '', '', '', '', null, '', '', '', '', '', '', '', '', '四喜2', '15298655487', '四喜3', '15298655487', '', '', '', '', '');
INSERT INTO icode.staff (id, user_id, name, nick_name, name_en, phone, phone_company, sex, department_id, id_card_no, id_card_address, birthday, email, address_now, famous_family, political_status, married, graduated_school, profession, education, train_experience, entry_date, turn_positive_date, payroll_card, pay_roll_card_bank, emergency_one_name, emergency_one_phone, emergency_two_name, emergency_two_phone, parent_name, parent_id_card, parent_card_no, parent_card_bank, mark) VALUES (4, null, '赵炉', '海马', '', '15669921883', '', null, null, '588888888888888888', '', '', '', '', '', '', null, '', '', '', '', '', '', '', '', 'bsty', '18181818181', 'haha', '17898989898', '', '', '', '', '');
INSERT INTO icode.student (id, name, phone, genearch, phone_sec, genearch_sec, phone_other, genearch_other, sex, id_card, wechat, birthday, school, grade, class_name, home_address, refer_phone, mark, entry_time, create_time, update_time, enable, update_date) VALUES (1, '王不留行', '18989898988', '母亲', '', '', '', '', '1', '', '', null, '', '', null, '', '', '', null, 20190831181646, null, 0, null);
INSERT INTO icode.student (id, name, phone, genearch, phone_sec, genearch_sec, phone_other, genearch_other, sex, id_card, wechat, birthday, school, grade, class_name, home_address, refer_phone, mark, entry_time, create_time, update_time, enable, update_date) VALUES (2, '翠花', '18989898989', '父亲', '', '', '', '', '0', '522181898291829182', '18989898989', null, '邗江实验学校', '三年级', null, '320000,321000,321003中海运和丹堤19-3-1903', '', '成绩很好', null, 20190831182421, null, 0, null);
INSERT INTO icode.student (id, name, phone, genearch, phone_sec, genearch_sec, phone_other, genearch_other, sex, id_card, wechat, birthday, school, grade, class_name, home_address, refer_phone, mark, entry_time, create_time, update_time, enable, update_date) VALUES (3, '独孤求败', '17734343434', '母亲', '', '', '', '', '1', '', '', null, '', '', null, '', '', '', null, 20190831183917, null, 0, null);
INSERT INTO icode.student (id, name, phone, genearch, phone_sec, genearch_sec, phone_other, genearch_other, sex, id_card, wechat, birthday, school, grade, class_name, home_address, refer_phone, mark, entry_time, create_time, update_time, enable, update_date) VALUES (4, '东方不败', '18888883232', '母亲', '', '', '', '', '0', '543434242424242242', '18888883232', null, '外国语学校', '三年级', null, '320000,321000,321003中海万达', '', '无敌于天下', null, 20190831185340, null, 0, null);
INSERT INTO icode.student (id, name, phone, genearch, phone_sec, genearch_sec, phone_other, genearch_other, sex, id_card, wechat, birthday, school, grade, class_name, home_address, refer_phone, mark, entry_time, create_time, update_time, enable, update_date) VALUES (5, '任我行', '12344343434', '自己', '', '', '', '', '1', '346346436463463634', '12344343434', null, '邗江实验学校', '三年级', null, 'undefined万科魅力之城19-2-302', '', '喜欢装逼', null, 20190831190006, null, 0, null);
INSERT INTO icode.student (id, name, phone, genearch, phone_sec, genearch_sec, phone_other, genearch_other, sex, id_card, wechat, birthday, school, grade, class_name, home_address, refer_phone, mark, entry_time, create_time, update_time, enable, update_date) VALUES (6, '风清扬', '16444343545', '母亲', '', '', '', '', '1', '', '', null, '', '', null, '[object Object]万科魅力之城19-2-302', '', '', null, 20190831190439, null, 0, null);
INSERT INTO icode.student (id, name, phone, genearch, phone_sec, genearch_sec, phone_other, genearch_other, sex, id_card, wechat, birthday, school, grade, class_name, home_address, refer_phone, mark, entry_time, create_time, update_time, enable, update_date) VALUES (7, '阿三', '31242424242', '母亲', '', '', '', '', '1', '', '', null, '', '', null, '[object Object]万科魅力之城19-2-302', '', '', null, 20190831190559, null, 0, null);
INSERT INTO icode.student (id, name, phone, genearch, phone_sec, genearch_sec, phone_other, genearch_other, sex, id_card, wechat, birthday, school, grade, class_name, home_address, refer_phone, mark, entry_time, create_time, update_time, enable, update_date) VALUES (8, '令狐冲', '12535263523', '母亲', '', '', '', '', '1', '', '', null, '', '', null, 'undefined天津市市辖区和平区万科魅力之城19-2-302', '', '', null, 20190831192318, null, 0, null);
INSERT INTO icode.student (id, name, phone, genearch, phone_sec, genearch_sec, phone_other, genearch_other, sex, id_card, wechat, birthday, school, grade, class_name, home_address, refer_phone, mark, entry_time, create_time, update_time, enable, update_date) VALUES (9, '任盈盈', '16666666666', '母亲', '', '', '', '', '0', '', '', null, '', '', null, '内蒙古自治区呼和浩特市新城区万科魅力之城19-2-302', '', '', null, 20190831192420, null, 0, null);
INSERT INTO icode.student (id, name, phone, genearch, phone_sec, genearch_sec, phone_other, genearch_other, sex, id_card, wechat, birthday, school, grade, class_name, home_address, refer_phone, mark, entry_time, create_time, update_time, enable, update_date) VALUES (10, '干得漂亮', '14343526546', '母亲', '', '', '', '', '1', '', '', null, '', '', null, '山西省 大同市 南郊区  万科魅力之城19-2-302', '', '', null, 20190831192541, null, 0, null);
INSERT INTO icode.student (id, name, phone, genearch, phone_sec, genearch_sec, phone_other, genearch_other, sex, id_card, wechat, birthday, school, grade, class_name, home_address, refer_phone, mark, entry_time, create_time, update_time, enable, update_date) VALUES (11, '学员一号', '18281828128', '母亲', '', '', '', '', '1', '', '', 0, '', '', '', ' ', '', '', 1574924376000, 1574924388355, 0, 0, null);
INSERT INTO icode.teacher (id, name, sex, entry_date, phone, mark) VALUES (2, '王大', 1, 0, '15555555555', null);
INSERT INTO icode.teacher_course_type (teacher_id, course_type_id) VALUES (2, 2);
INSERT INTO icode.teacher_course_type (teacher_id, course_type_id) VALUES (2, 3);
INSERT INTO icode.user (id, username, password, staff_id) VALUES (1, 'user', 'e10adc3949ba59abbe56e057f20f883e', null);
INSERT INTO icode.user (id, username, password, staff_id) VALUES (2, 'admin', 'e10adc3949ba59abbe56e057f20f883e', null);
INSERT INTO icode.user (id, username, password, staff_id) VALUES (3, 'sixi', 'e10adc3949ba59abbe56e057f20f883e', null);
INSERT INTO icode.user (id, username, password, staff_id) VALUES (5, 'zhaolu', 'e10adc3949ba59abbe56e057f20f883e', null);
INSERT INTO icode.user (id, username, password, staff_id) VALUES (6, 'bsty', 'e10adc3949ba59abbe56e057f20f883e', 4);
INSERT INTO icode.user_role (user_id, role_id, root_role) VALUES (1, 1, 1);
INSERT INTO icode.user_role (user_id, role_id, root_role) VALUES (32, 2, 1);
INSERT INTO icode.user_role (user_id, role_id, root_role) VALUES (32, 31, 0);
INSERT INTO icode.user_role (user_id, role_id, root_role) VALUES (32, 32, 0);
INSERT INTO icode.user_role (user_id, role_id, root_role) VALUES (33, 1, 1);
INSERT INTO icode.user_role (user_id, role_id, root_role) VALUES (33, 33, 0);
INSERT INTO icode.user_role (user_id, role_id, root_role) VALUES (31, 2, 1);
INSERT INTO icode.user_role (user_id, role_id, root_role) VALUES (31, 32, 0);
INSERT INTO icode.user_role (user_id, role_id, root_role) VALUES (3, 32, 1);
INSERT INTO icode.user_role (user_id, role_id, root_role) VALUES (3, 1, 0);
INSERT INTO icode.user_role (user_id, role_id, root_role) VALUES (5, 2, 1);
INSERT INTO icode.user_role (user_id, role_id, root_role) VALUES (5, 32, 0);
INSERT INTO icode.user_role (user_id, role_id, root_role) VALUES (5, 1, 0);
INSERT INTO icode.user_role (user_id, role_id, root_role) VALUES (6, 32, 1);
INSERT INTO icode.user_role (user_id, role_id, root_role) VALUES (6, 1, 0);
INSERT INTO icode.user_role (user_id, role_id, root_role) VALUES (2, 2, 1);
INSERT INTO icode.user_role (user_id, role_id, root_role) VALUES (2, 1, 0);