INSERT INTO icode.campus (id, name) VALUES (1, '扬州星耀天地校区');
INSERT INTO icode.campus (id, name) VALUES (2, '杭州九堡校区');
INSERT INTO icode.campus (id, name) VALUES (3, '杭州市民中心校区');
INSERT INTO icode.channel (id, name) VALUES (1, '地推');
INSERT INTO icode.channel (id, name) VALUES (2, '新口碑');
INSERT INTO icode.channel (id, name) VALUES (3, '口碑');
INSERT INTO icode.channel (id, name) VALUES (4, '直访');
INSERT INTO icode.channel (id, name) VALUES (5, '社团课');
INSERT INTO icode.channel (id, name) VALUES (6, '朋友推荐');
INSERT INTO icode.class_name (id, name) VALUES (1, '1班');
INSERT INTO icode.class_name (id, name) VALUES (2, '2班');
INSERT INTO icode.class_name (id, name) VALUES (3, '3班');
INSERT INTO icode.class_name (id, name) VALUES (4, '4班');
INSERT INTO icode.consult_type (id, name) VALUES (1, '来电');
INSERT INTO icode.consult_type (id, name) VALUES (2, '来访');
INSERT INTO icode.consult_type (id, name) VALUES (3, '网络');
INSERT INTO icode.consult_type (id, name) VALUES (4, '其他');
INSERT INTO icode.course (id, name, start_date, end_date, course_type_id, teacher_id, course_sum, total_price, unit_price, act_course_sum, act_total_price, act_unit_price, act_name, class_ref, mark) VALUES (1, 'SC一班', 1566316800000, 1567180800000, 3, null, 10, 1000, 100, 10, 1000, 100, '无', '三年级', '无活动');
INSERT INTO icode.course_type (id, name) VALUES (1, '结构搭建');
INSERT INTO icode.course_type (id, name) VALUES (2, '刷卡编程');
INSERT INTO icode.course_type (id, name) VALUES (3, 'Scratch');
INSERT INTO icode.course_type (id, name) VALUES (4, 'App Inventor');
INSERT INTO icode.course_type (id, name) VALUES (5, 'Python');
INSERT INTO icode.course_type (id, name) VALUES (6, 'C++');
INSERT INTO icode.course_type (id, name) VALUES (7, 'NOIP');
INSERT INTO icode.course_type (id, name) VALUES (8, '其他');
INSERT INTO icode.follow_status (id, name) VALUES (1, '待跟进');
INSERT INTO icode.follow_status (id, name) VALUES (2, '跟进中');
INSERT INTO icode.follow_status (id, name) VALUES (3, '已邀约');
INSERT INTO icode.follow_status (id, name) VALUES (4, '已试听');
INSERT INTO icode.follow_status (id, name) VALUES (5, '已到访');
INSERT INTO icode.follow_status (id, name) VALUES (6, '已试听');
INSERT INTO icode.genearch (id, name) VALUES (1, '母亲');
INSERT INTO icode.genearch (id, name) VALUES (2, '父亲');
INSERT INTO icode.genearch (id, name) VALUES (3, '自己');
INSERT INTO icode.genearch (id, name) VALUES (4, '其他');
INSERT INTO icode.grade (id, name) VALUES (1, '小班');
INSERT INTO icode.grade (id, name) VALUES (2, '中班');
INSERT INTO icode.grade (id, name) VALUES (3, '大班');
INSERT INTO icode.grade (id, name) VALUES (4, '一年级');
INSERT INTO icode.grade (id, name) VALUES (5, '二年级');
INSERT INTO icode.grade (id, name) VALUES (6, '三年级');
INSERT INTO icode.grade (id, name) VALUES (7, '四年级');
INSERT INTO icode.grade (id, name) VALUES (8, '五年级');
INSERT INTO icode.grade (id, name) VALUES (9, '六年级');
INSERT INTO icode.grade (id, name) VALUES (10, '七年级');
INSERT INTO icode.grade (id, name) VALUES (11, '八年级');
INSERT INTO icode.grade (id, name) VALUES (12, '九年级');
INSERT INTO icode.grade (id, name) VALUES (13, '高一');
INSERT INTO icode.grade (id, name) VALUES (14, '高二');
INSERT INTO icode.grade (id, name) VALUES (15, '高三');
INSERT INTO icode.intention (id, name) VALUES (1, '高');
INSERT INTO icode.intention (id, name) VALUES (2, '中');
INSERT INTO icode.intention (id, name) VALUES (3, '低');
INSERT INTO icode.intention (id, name) VALUES (4, '?');
INSERT INTO icode.keyword (id, name) VALUES (1, '第一名');
INSERT INTO icode.keyword (id, name) VALUES (2, '数学较好');
INSERT INTO icode.permission (id, url, name, description, pid) VALUES (1, '/**', '', null, 0);
INSERT INTO icode.permission (id, url, name, description, pid) VALUES (2, '/**', '', null, 0);
INSERT INTO icode.permission (id, url, name, description, pid) VALUES (3, null, 'admin', '所有权限', 0);
INSERT INTO icode.permission (id, url, name, description, pid) VALUES (4, null, 'staff', '员工', 3);
INSERT INTO icode.permission (id, url, name, description, pid) VALUES (5, null, 'staffNew', '新建员工', 4);
INSERT INTO icode.permission (id, url, name, description, pid) VALUES (6, null, 'staffEdit', '编辑员工', 4);
INSERT INTO icode.permission (id, url, name, description, pid) VALUES (7, null, 'staffImport', '导出员工', 4);
INSERT INTO icode.permission (id, url, name, description, pid) VALUES (8, null, 'student', '学员', 3);
INSERT INTO icode.permission (id, url, name, description, pid) VALUES (9, null, 'studentNew', '新建学员', 8);
INSERT INTO icode.permission (id, url, name, description, pid) VALUES (10, null, 'studentEdit', '编辑学员', 8);
INSERT INTO icode.permission (id, url, name, description, pid) VALUES (11, null, 'studentImport', '导出学员', 8);
INSERT INTO icode.permission (id, url, name, description, pid) VALUES (12, null, 'teacher', '教师', 3);
INSERT INTO icode.permission (id, url, name, description, pid) VALUES (13, null, 'teacherNew', '新建教师', 12);
INSERT INTO icode.permission (id, url, name, description, pid) VALUES (14, null, 'teacherEdit', '编辑教师', 12);
INSERT INTO icode.permission (id, url, name, description, pid) VALUES (15, null, 'teacherImport', '导出教师', 12);
INSERT INTO icode.permission (id, url, name, description, pid) VALUES (16, null, 'class', '班级', 3);
INSERT INTO icode.permission (id, url, name, description, pid) VALUES (17, null, 'classNew', '新建班级', 16);
INSERT INTO icode.permission (id, url, name, description, pid) VALUES (18, null, 'classEdit', '编辑班级', 16);
INSERT INTO icode.permission (id, url, name, description, pid) VALUES (19, null, 'classImport', '导出班级', 16);
INSERT INTO icode.permission (id, url, name, description, pid) VALUES (20, null, 'staffDel', '删除员工', 4);
INSERT INTO icode.permission (id, url, name, description, pid) VALUES (21, null, 'studentDel', '删除学员', 8);
INSERT INTO icode.permission (id, url, name, description, pid) VALUES (22, null, 'teacherDel', '删除教师', 12);
INSERT INTO icode.permission (id, url, name, description, pid) VALUES (23, null, 'classDel', '删除班级', 16);
INSERT INTO icode.role (id, name, description) VALUES (1, '员工', '普通用户');
INSERT INTO icode.role (id, name, description) VALUES (2, '主管理员', '总管理员');
INSERT INTO icode.role (id, name, description) VALUES (31, '人事', '人事');
INSERT INTO icode.role (id, name, description) VALUES (32, '教学主管', '教学部主管理员');
INSERT INTO icode.role (id, name, description) VALUES (33, '老师', '教学');
INSERT INTO icode.role (id, name, description) VALUES (44, '校长', '校区总负责人');
INSERT INTO icode.role_permission (role_id, permission_id) VALUES (31, 4);
INSERT INTO icode.role_permission (role_id, permission_id) VALUES (31, 5);
INSERT INTO icode.role_permission (role_id, permission_id) VALUES (31, 6);
INSERT INTO icode.role_permission (role_id, permission_id) VALUES (31, 7);
INSERT INTO icode.role_permission (role_id, permission_id) VALUES (32, 8);
INSERT INTO icode.role_permission (role_id, permission_id) VALUES (32, 9);
INSERT INTO icode.role_permission (role_id, permission_id) VALUES (32, 10);
INSERT INTO icode.role_permission (role_id, permission_id) VALUES (32, 11);
INSERT INTO icode.role_permission (role_id, permission_id) VALUES (32, 12);
INSERT INTO icode.role_permission (role_id, permission_id) VALUES (32, 13);
INSERT INTO icode.role_permission (role_id, permission_id) VALUES (32, 14);
INSERT INTO icode.role_permission (role_id, permission_id) VALUES (32, 15);
INSERT INTO icode.role_permission (role_id, permission_id) VALUES (32, 16);
INSERT INTO icode.role_permission (role_id, permission_id) VALUES (32, 17);
INSERT INTO icode.role_permission (role_id, permission_id) VALUES (32, 18);
INSERT INTO icode.role_permission (role_id, permission_id) VALUES (32, 19);
INSERT INTO icode.role_permission (role_id, permission_id) VALUES (44, 3);
INSERT INTO icode.role_permission (role_id, permission_id) VALUES (44, 4);
INSERT INTO icode.role_permission (role_id, permission_id) VALUES (44, 5);
INSERT INTO icode.role_permission (role_id, permission_id) VALUES (44, 6);
INSERT INTO icode.role_permission (role_id, permission_id) VALUES (44, 7);
INSERT INTO icode.role_permission (role_id, permission_id) VALUES (44, 8);
INSERT INTO icode.role_permission (role_id, permission_id) VALUES (44, 9);
INSERT INTO icode.role_permission (role_id, permission_id) VALUES (44, 10);
INSERT INTO icode.role_permission (role_id, permission_id) VALUES (44, 11);
INSERT INTO icode.role_permission (role_id, permission_id) VALUES (44, 12);
INSERT INTO icode.role_permission (role_id, permission_id) VALUES (44, 13);
INSERT INTO icode.role_permission (role_id, permission_id) VALUES (44, 14);
INSERT INTO icode.role_permission (role_id, permission_id) VALUES (44, 15);
INSERT INTO icode.role_permission (role_id, permission_id) VALUES (44, 16);
INSERT INTO icode.role_permission (role_id, permission_id) VALUES (44, 17);
INSERT INTO icode.role_permission (role_id, permission_id) VALUES (44, 18);
INSERT INTO icode.role_permission (role_id, permission_id) VALUES (44, 19);
INSERT INTO icode.role_permission (role_id, permission_id) VALUES (2, 12);
INSERT INTO icode.role_permission (role_id, permission_id) VALUES (2, 13);
INSERT INTO icode.role_permission (role_id, permission_id) VALUES (2, 14);
INSERT INTO icode.role_permission (role_id, permission_id) VALUES (2, 15);
INSERT INTO icode.role_permission (role_id, permission_id) VALUES (2, 16);
INSERT INTO icode.role_permission (role_id, permission_id) VALUES (2, 17);
INSERT INTO icode.role_permission (role_id, permission_id) VALUES (2, 18);
INSERT INTO icode.role_permission (role_id, permission_id) VALUES (2, 19);
INSERT INTO icode.role_permission (role_id, permission_id) VALUES (2, 4);
INSERT INTO icode.role_permission (role_id, permission_id) VALUES (2, 5);
INSERT INTO icode.role_permission (role_id, permission_id) VALUES (2, 6);
INSERT INTO icode.role_permission (role_id, permission_id) VALUES (2, 7);
INSERT INTO icode.role_permission (role_id, permission_id) VALUES (2, 20);
INSERT INTO icode.role_permission (role_id, permission_id) VALUES (2, 22);
INSERT INTO icode.role_permission (role_id, permission_id) VALUES (2, 23);
INSERT INTO icode.role_permission (role_id, permission_id) VALUES (2, 9);
INSERT INTO icode.role_permission (role_id, permission_id) VALUES (2, 10);
INSERT INTO icode.role_permission (role_id, permission_id) VALUES (2, 21);
INSERT INTO icode.role_permission (role_id, permission_id) VALUES (2, 3);
INSERT INTO icode.role_permission (role_id, permission_id) VALUES (2, 8);
INSERT INTO icode.role_permission (role_id, permission_id) VALUES (2, 11);
INSERT INTO icode.role_router (id, role_id, router_id) VALUES (1, 2, 13);
INSERT INTO icode.role_router (id, role_id, router_id) VALUES (2, 2, 14);
INSERT INTO icode.role_router (id, role_id, router_id) VALUES (3, 2, 15);
INSERT INTO icode.role_router (id, role_id, router_id) VALUES (4, 2, 16);
INSERT INTO icode.role_router (id, role_id, router_id) VALUES (5, 2, 17);
INSERT INTO icode.role_router (id, role_id, router_id) VALUES (6, 2, 18);
INSERT INTO icode.role_router (id, role_id, router_id) VALUES (7, 2, 19);
INSERT INTO icode.role_router (id, role_id, router_id) VALUES (8, 2, 20);
INSERT INTO icode.role_router (id, role_id, router_id) VALUES (9, 2, 22);
INSERT INTO icode.role_router (id, role_id, router_id) VALUES (10, 2, 23);
INSERT INTO icode.role_router (id, role_id, router_id) VALUES (11, 2, 24);
INSERT INTO icode.role_router (id, role_id, router_id) VALUES (12, 2, 25);
INSERT INTO icode.role_router (id, role_id, router_id) VALUES (13, 2, 26);
INSERT INTO icode.role_router (id, role_id, router_id) VALUES (14, 2, 27);
INSERT INTO icode.role_router (id, role_id, router_id) VALUES (110, 31, 16);
INSERT INTO icode.role_router (id, role_id, router_id) VALUES (112, 31, 18);
INSERT INTO icode.role_router (id, role_id, router_id) VALUES (117, 32, 19);
INSERT INTO icode.role_router (id, role_id, router_id) VALUES (118, 32, 20);
INSERT INTO icode.role_router (id, role_id, router_id) VALUES (119, 32, 22);
INSERT INTO icode.role_router (id, role_id, router_id) VALUES (123, 33, 14);
INSERT INTO icode.role_router (id, role_id, router_id) VALUES (124, 33, 20);
INSERT INTO icode.role_router (id, role_id, router_id) VALUES (125, 33, 24);
INSERT INTO icode.role_router (id, role_id, router_id) VALUES (126, 33, 13);
INSERT INTO icode.role_router (id, role_id, router_id) VALUES (127, 33, 19);
INSERT INTO icode.role_router (id, role_id, router_id) VALUES (128, 33, 23);
INSERT INTO icode.role_router (id, role_id, router_id) VALUES (132, 31, 19);
INSERT INTO icode.role_router (id, role_id, router_id) VALUES (133, 31, 20);
INSERT INTO icode.role_router (id, role_id, router_id) VALUES (136, 31, 17);
INSERT INTO icode.role_router (id, role_id, router_id) VALUES (140, 33, 17);
INSERT INTO icode.role_router (id, role_id, router_id) VALUES (141, 33, 16);
INSERT INTO icode.role_router (id, role_id, router_id) VALUES (142, 32, 23);
INSERT INTO icode.role_router (id, role_id, router_id) VALUES (143, 32, 24);
INSERT INTO icode.role_router (id, role_id, router_id) VALUES (144, 32, 25);
INSERT INTO icode.role_router (id, role_id, router_id) VALUES (146, 2, 28);
INSERT INTO icode.role_router (id, role_id, router_id) VALUES (147, 1, 14);
INSERT INTO icode.role_router (id, role_id, router_id) VALUES (149, 1, 20);
INSERT INTO icode.role_router (id, role_id, router_id) VALUES (150, 1, 24);
INSERT INTO icode.role_router (id, role_id, router_id) VALUES (151, 1, 13);
INSERT INTO icode.role_router (id, role_id, router_id) VALUES (153, 1, 19);
INSERT INTO icode.role_router (id, role_id, router_id) VALUES (154, 1, 23);
INSERT INTO icode.role_router (id, role_id, router_id) VALUES (155, 32, 13);
INSERT INTO icode.role_router (id, role_id, router_id) VALUES (156, 32, 14);
INSERT INTO icode.role_router (id, role_id, router_id) VALUES (157, 32, 15);
INSERT INTO icode.role_router (id, role_id, router_id) VALUES (158, 31, 22);
INSERT INTO icode.role_router (id, role_id, router_id) VALUES (240, 44, 13);
INSERT INTO icode.role_router (id, role_id, router_id) VALUES (241, 44, 14);
INSERT INTO icode.role_router (id, role_id, router_id) VALUES (242, 44, 15);
INSERT INTO icode.role_router (id, role_id, router_id) VALUES (243, 44, 16);
INSERT INTO icode.role_router (id, role_id, router_id) VALUES (244, 44, 17);
INSERT INTO icode.role_router (id, role_id, router_id) VALUES (245, 44, 18);
INSERT INTO icode.role_router (id, role_id, router_id) VALUES (246, 44, 19);
INSERT INTO icode.role_router (id, role_id, router_id) VALUES (247, 44, 20);
INSERT INTO icode.role_router (id, role_id, router_id) VALUES (248, 44, 22);
INSERT INTO icode.role_router (id, role_id, router_id) VALUES (249, 44, 23);
INSERT INTO icode.role_router (id, role_id, router_id) VALUES (250, 44, 24);
INSERT INTO icode.role_router (id, role_id, router_id) VALUES (251, 44, 25);
INSERT INTO icode.role_router (id, role_id, router_id) VALUES (252, 44, 26);
INSERT INTO icode.role_router (id, role_id, router_id) VALUES (253, 44, 27);
INSERT INTO icode.role_router (id, role_id, router_id) VALUES (254, 44, 28);
INSERT INTO icode.router (id, pid, name, id_path, path, component, redirect, meta, level, hidden, type, label) VALUES (13, 0, 'Student', null, '/student', 'layout', '/student/list', 'student', null, null, 2, '学员');
INSERT INTO icode.router (id, pid, name, id_path, path, component, redirect, meta, level, hidden, type, label) VALUES (14, 13, 'StudentList', null, 'studentList', 'studentList', null, 'studentList', null, null, 2, '学员列表');
INSERT INTO icode.router (id, pid, name, id_path, path, component, redirect, meta, level, hidden, type, label) VALUES (15, 13, 'AddStudent', null, 'addStudent', 'studentAdd', null, 'studentAdd', null, null, 2, '新增学员');
INSERT INTO icode.router (id, pid, name, id_path, path, component, redirect, meta, level, hidden, type, label) VALUES (16, 0, 'Staff', null, '/staff', 'layout', '/staff/list', 'staff', null, null, 2, '员工');
INSERT INTO icode.router (id, pid, name, id_path, path, component, redirect, meta, level, hidden, type, label) VALUES (17, 16, 'StaffList', null, 'staffList', 'staffList', null, 'staffList', null, null, 2, '员工列表');
INSERT INTO icode.router (id, pid, name, id_path, path, component, redirect, meta, level, hidden, type, label) VALUES (18, 16, 'AddStaff', null, 'addStaff', 'staffAdd', null, 'staffAdd', null, null, 2, '新增员工');
INSERT INTO icode.router (id, pid, name, id_path, path, component, redirect, meta, level, hidden, type, label) VALUES (19, 0, 'Teacher', null, '/teacher', 'layout', '/teacher/list', 'teacher', null, null, 2, '教师');
INSERT INTO icode.router (id, pid, name, id_path, path, component, redirect, meta, level, hidden, type, label) VALUES (20, 19, 'TeacherList', null, 'teacherList', 'teacherList', null, 'teacherList', null, null, 2, '教师列表');
INSERT INTO icode.router (id, pid, name, id_path, path, component, redirect, meta, level, hidden, type, label) VALUES (22, 19, 'AddTeacher', null, 'addTeacher', 'teacherAdd', null, 'teacherAdd', null, null, 2, '新增教师');
INSERT INTO icode.router (id, pid, name, id_path, path, component, redirect, meta, level, hidden, type, label) VALUES (23, 0, 'Course', null, '/course', 'layout', '/course/list', 'course', null, null, 2, '课程');
INSERT INTO icode.router (id, pid, name, id_path, path, component, redirect, meta, level, hidden, type, label) VALUES (24, 23, 'CourseList', null, 'courseList', 'courseList', null, 'courseList', null, null, 2, '课程列表');
INSERT INTO icode.router (id, pid, name, id_path, path, component, redirect, meta, level, hidden, type, label) VALUES (25, 23, 'AddCourse', null, 'addCourse', 'courseAdd', null, 'courseAdd', null, null, 2, '新增课程');
INSERT INTO icode.router (id, pid, name, id_path, path, component, redirect, meta, level, hidden, type, label) VALUES (26, 0, 'Account', null, '/accout', 'layout', '/account/role', 'account', null, null, 2, '账号');
INSERT INTO icode.router (id, pid, name, id_path, path, component, redirect, meta, level, hidden, type, label) VALUES (27, 26, 'AccountList', null, 'accountList', 'accountList', null, 'accountList', null, null, 2, '角色管理');
INSERT INTO icode.router (id, pid, name, id_path, path, component, redirect, meta, level, hidden, type, label) VALUES (28, 26, 'UserList', null, 'userList', 'userList', null, 'userList', null, null, 2, '账号管理');
INSERT INTO icode.school (id, name) VALUES (1, '邗江实验学校');
INSERT INTO icode.school (id, name) VALUES (2, '外国语学校');
INSERT INTO icode.school (id, name) VALUES (3, '施桥一小');
INSERT INTO icode.school (id, name) VALUES (4, '求实实验小学');
INSERT INTO icode.school (id, name) VALUES (5, '花园一小');
INSERT INTO icode.staff (id, user_id, name, nick_name, name_en, phone, phone_company, sex, id_card_no, id_card_address, birthday, email, address_now, famous_family, political_status, married, graduated_school, profession, education, train_experience, entry_date, turn_positive_date, payroll_card, pay_roll_card_bank, emergency_one_name, emergency_one_phone, emergency_two_name, emergency_two_phone, parent_name, parent_id_card, parent_card_no, parent_card_bank, mark) VALUES (2, null, '四喜', '四喜', '', '15265988487', '', null, '541215498908081454', '', '', '', '', '', '', null, '', '', '', '', '', '', '', '', '四喜', '15265988487', '四喜', '15265988487', '', '', '', '', '');
INSERT INTO icode.staff (id, user_id, name, nick_name, name_en, phone, phone_company, sex, id_card_no, id_card_address, birthday, email, address_now, famous_family, political_status, married, graduated_school, profession, education, train_experience, entry_date, turn_positive_date, payroll_card, pay_roll_card_bank, emergency_one_name, emergency_one_phone, emergency_two_name, emergency_two_phone, parent_name, parent_id_card, parent_card_no, parent_card_bank, mark) VALUES (3, null, '四喜1', 'smap', '', '15298655487', '', null, '21548755648', '', '', '', '', '', '', null, '', '', '', '', '', '', '', '', '四喜2', '15298655487', '四喜3', '15298655487', '', '', '', '', '');
INSERT INTO icode.student (id, name, phone, genearch, phone_sec, genearch_sec, phone_other, genearch_other, sex, id_card, wechat, birthday, school, grade, class_name, home_address, refer_phone, mark, entry_time, create_time, update_time, enable) VALUES (1, '王不留行', '18989898988', '母亲', '', '', '', '', '1', '', '', null, '', '', null, '', '', '', null, '2019-08-31 18:16:46', null, 0);
INSERT INTO icode.student (id, name, phone, genearch, phone_sec, genearch_sec, phone_other, genearch_other, sex, id_card, wechat, birthday, school, grade, class_name, home_address, refer_phone, mark, entry_time, create_time, update_time, enable) VALUES (2, '翠花', '18989898989', '父亲', '', '', '', '', '0', '522181898291829182', '18989898989', null, '邗江实验学校', '三年级', null, '320000,321000,321003中海运和丹堤19-3-1903', '', '成绩很好', null, '2019-08-31 18:24:21', null, 0);
INSERT INTO icode.student (id, name, phone, genearch, phone_sec, genearch_sec, phone_other, genearch_other, sex, id_card, wechat, birthday, school, grade, class_name, home_address, refer_phone, mark, entry_time, create_time, update_time, enable) VALUES (3, '独孤求败', '17734343434', '母亲', '', '', '', '', '1', '', '', null, '', '', null, '', '', '', null, '2019-08-31 18:39:17', null, 0);
INSERT INTO icode.student (id, name, phone, genearch, phone_sec, genearch_sec, phone_other, genearch_other, sex, id_card, wechat, birthday, school, grade, class_name, home_address, refer_phone, mark, entry_time, create_time, update_time, enable) VALUES (4, '东方不败', '18888883232', '母亲', '', '', '', '', '0', '543434242424242242', '18888883232', null, '外国语学校', '三年级', null, '320000,321000,321003中海万达', '', '无敌于天下', null, '2019-08-31 18:53:40', null, 0);
INSERT INTO icode.student (id, name, phone, genearch, phone_sec, genearch_sec, phone_other, genearch_other, sex, id_card, wechat, birthday, school, grade, class_name, home_address, refer_phone, mark, entry_time, create_time, update_time, enable) VALUES (5, '任我行', '12344343434', '自己', '', '', '', '', '1', '346346436463463634', '12344343434', null, '邗江实验学校', '三年级', null, 'undefined万科魅力之城19-2-302', '', '喜欢装逼', null, '2019-08-31 19:00:06', null, 0);
INSERT INTO icode.student (id, name, phone, genearch, phone_sec, genearch_sec, phone_other, genearch_other, sex, id_card, wechat, birthday, school, grade, class_name, home_address, refer_phone, mark, entry_time, create_time, update_time, enable) VALUES (6, '风清扬', '16444343545', '母亲', '', '', '', '', '1', '', '', null, '', '', null, '[object Object]万科魅力之城19-2-302', '', '', null, '2019-08-31 19:04:39', null, 0);
INSERT INTO icode.student (id, name, phone, genearch, phone_sec, genearch_sec, phone_other, genearch_other, sex, id_card, wechat, birthday, school, grade, class_name, home_address, refer_phone, mark, entry_time, create_time, update_time, enable) VALUES (7, '阿三', '31242424242', '母亲', '', '', '', '', '1', '', '', null, '', '', null, '[object Object]万科魅力之城19-2-302', '', '', null, '2019-08-31 19:05:59', null, 0);
INSERT INTO icode.student (id, name, phone, genearch, phone_sec, genearch_sec, phone_other, genearch_other, sex, id_card, wechat, birthday, school, grade, class_name, home_address, refer_phone, mark, entry_time, create_time, update_time, enable) VALUES (8, '令狐冲', '12535263523', '母亲', '', '', '', '', '1', '', '', null, '', '', null, 'undefined天津市市辖区和平区万科魅力之城19-2-302', '', '', null, '2019-08-31 19:23:18', null, 0);
INSERT INTO icode.student (id, name, phone, genearch, phone_sec, genearch_sec, phone_other, genearch_other, sex, id_card, wechat, birthday, school, grade, class_name, home_address, refer_phone, mark, entry_time, create_time, update_time, enable) VALUES (9, '任盈盈', '16666666666', '母亲', '', '', '', '', '0', '', '', null, '', '', null, '内蒙古自治区呼和浩特市新城区万科魅力之城19-2-302', '', '', null, '2019-08-31 19:24:20', null, 0);
INSERT INTO icode.student (id, name, phone, genearch, phone_sec, genearch_sec, phone_other, genearch_other, sex, id_card, wechat, birthday, school, grade, class_name, home_address, refer_phone, mark, entry_time, create_time, update_time, enable) VALUES (10, '干得漂亮', '14343526546', '母亲', '', '', '', '', '1', '', '', null, '', '', null, '山西省 大同市 南郊区  万科魅力之城19-2-302', '', '', null, '2019-08-31 19:25:41', null, 0);
INSERT INTO icode.teacher (id, name, sex, entry_date, phone, mark) VALUES (2, '王大', 1, 0, '15555555555', null);
INSERT INTO icode.teacher_course_type (teacher_id, course_type_id) VALUES (2, 2);
INSERT INTO icode.teacher_course_type (teacher_id, course_type_id) VALUES (2, 3);
INSERT INTO icode.user (id, username, password, enable) VALUES (1, 'user', 'e10adc3949ba59abbe56e057f20f883e', 1);
INSERT INTO icode.user (id, username, password, enable) VALUES (2, 'admin', 'e10adc3949ba59abbe56e057f20f883e', 1);
INSERT INTO icode.user (id, username, password, enable) VALUES (31, 'haima', '4dff97077ecf1f2af6505a7c573aff83', 1);
INSERT INTO icode.user (id, username, password, enable) VALUES (32, 'buding', '4dff97077ecf1f2af6505a7c573aff83', 1);
INSERT INTO icode.user (id, username, password, enable) VALUES (33, 'xiaohua', 'ee755bdd4adb8ac6270ef476fefab245', 1);
INSERT INTO icode.user_role (user_id, role_id, root_role) VALUES (1, 1, 1);
INSERT INTO icode.user_role (user_id, role_id, root_role) VALUES (2, 2, 1);
INSERT INTO icode.user_role (user_id, role_id, root_role) VALUES (2, 1, 0);
INSERT INTO icode.user_role (user_id, role_id, root_role) VALUES (32, 2, 1);
INSERT INTO icode.user_role (user_id, role_id, root_role) VALUES (32, 31, 0);
INSERT INTO icode.user_role (user_id, role_id, root_role) VALUES (32, 32, 0);
INSERT INTO icode.user_role (user_id, role_id, root_role) VALUES (33, 1, 1);
INSERT INTO icode.user_role (user_id, role_id, root_role) VALUES (33, 33, 0);
INSERT INTO icode.user_role (user_id, role_id, root_role) VALUES (31, 2, 1);
INSERT INTO icode.user_role (user_id, role_id, root_role) VALUES (31, 32, 0);


select u.id as id,
       u.username as username,
       u.password as password,
       ur.role_id as role_id,
       r.name as role_name,
       ur.root_role as root_role,
       r.description as role_description,
       group_concat(r.name separator ' ') as role_names
from user as u left join user_role as ur on u.id=ur.user_id
               left join role as r on ur.role_id=r.id
group by u.id;